cell id, time, volume, plasmid_bfp, plasmid_yfp, plasmid_rfp, bfp, yfp, rfp, 
0, 0.02, 1.57012, 201.63, 191.13, 255.87, 0, 0, 0, 
1, 0.02, 1.57003, 227.625, 276.63, 161.515, 0, 0, 0, 
2, 0.02, 1.57008, 190.38, 204.295, 244.43, 0, 0, 0, 
3, 0.02, 1.57016, 277.21, 128.88, 161.515, 0, 0, 0, 
4, 0.02, 1.57003, 199.66, 146.92, 244.43, 1, 0, 0, 
5, 0.02, 1.57, 190.38, 190.195, 146.92, 0, 0, 0, 
6, 0.02, 1.57008, 128.88, 190.38, 204.295, 0, 0, 0, 
7, 0.02, 1.57015, 161.76, 218.57, 162.885, 0, 0, 0, 
8, 0.02, 1.57002, 191.13, 255.03, 190.38, 0, 0, 0, 
9, 0.02, 1.57002, 190.38, 203.87, 203.87, 0, 0, 0, 
0, 5.02, 1.91376, 201.63, 191.13, 255.87, 136, 115, 158, 
1, 5.02, 1.91708, 227.625, 276.63, 161.515, 130, 182, 120, 
2, 5.02, 1.91816, 190.38, 204.295, 244.43, 124, 132, 190, 
3, 5.02, 1.9197, 277.21, 128.88, 161.515, 203, 86, 101, 
4, 5.02, 1.92397, 199.66, 146.92, 244.43, 140, 106, 149, 
5, 5.02, 1.9234, 190.38, 190.195, 146.92, 114, 160, 102, 
6, 5.02, 1.92098, 128.88, 190.38, 204.295, 83, 120, 133, 
7, 5.02, 1.91952, 161.76, 218.57, 162.885, 132, 138, 112, 
8, 5.02, 1.91566, 191.13, 255.03, 190.38, 120, 141, 135, 
9, 5.02, 1.91285, 190.38, 203.87, 203.87, 131, 153, 129, 
0, 10.02, 2.34111, 201.63, 191.13, 255.87, 311, 254, 351, 
1, 10.02, 2.34482, 227.625, 276.63, 161.515, 329, 410, 266, 
2, 10.02, 2.34988, 190.38, 204.295, 244.43, 262, 289, 397, 
3, 10.02, 2.3478, 277.21, 128.88, 161.515, 426, 188, 216, 
4, 10.02, 2.34388, 199.66, 146.92, 244.43, 296, 229, 355, 
5, 10.02, 2.3508, 190.38, 190.195, 146.92, 278, 305, 235, 
6, 10.02, 2.35051, 128.88, 190.38, 204.295, 181, 274, 285, 
7, 10.02, 2.34733, 161.76, 218.57, 162.885, 242, 311, 238, 
8, 10.02, 2.34479, 191.13, 255.03, 190.38, 270, 354, 275, 
9, 10.02, 2.34071, 190.38, 203.87, 203.87, 289, 300, 292, 
0, 15.02, 2.87315, 201.63, 191.13, 255.87, 505, 442, 593, 
1, 15.02, 2.85724, 227.625, 276.63, 161.515, 560, 667, 434, 
2, 15.02, 2.88075, 190.38, 204.295, 244.43, 436, 500, 619, 
3, 15.02, 2.86891, 277.21, 128.88, 161.515, 691, 307, 374, 
4, 15.02, 2.86288, 199.66, 146.92, 244.43, 475, 390, 589, 
5, 15.02, 2.88072, 190.38, 190.195, 146.92, 473, 488, 353, 
6, 15.02, 2.85606, 128.88, 190.38, 204.295, 289, 465, 469, 
7, 15.02, 2.86136, 161.76, 218.57, 162.885, 383, 537, 387, 
8, 15.02, 2.85402, 191.13, 255.03, 190.38, 467, 587, 456, 
9, 15.02, 2.86875, 190.38, 203.87, 203.87, 451, 481, 459, 
0, 20.02, 3.50783, 201.63, 191.13, 255.87, 714, 675, 871, 
1, 20.02, 1.72518, 112.524, 136.749, 79.8429, 389, 447, 283, 
2, 20.02, 1.78091, 96.0922, 103.116, 123.373, 318, 364, 447, 
3, 20.02, 3.50695, 277.21, 128.88, 161.515, 993, 441, 557, 
4, 20.02, 3.50314, 199.66, 146.92, 244.43, 682, 547, 874, 
5, 20.02, 3.51361, 190.38, 190.195, 146.92, 688, 715, 510, 
6, 20.02, 3.49017, 128.88, 190.38, 204.295, 458, 658, 680, 
7, 20.02, 3.49707, 161.76, 218.57, 162.885, 539, 800, 589, 
8, 20.02, 3.4876, 191.13, 255.03, 190.38, 697, 872, 670, 
9, 20.02, 3.51276, 190.38, 203.87, 203.87, 650, 761, 687, 
10, 20.02, 1.76591, 115.101, 139.881, 81.6721, 403, 466, 301, 
11, 20.02, 1.74742, 94.2878, 101.179, 121.057, 314, 360, 438, 
0, 25.02, 1.95288, 91.7144, 86.9383, 116.386, 400, 372, 494, 
1, 25.02, 2.11314, 112.524, 136.749, 79.8429, 452, 513, 326, 
2, 25.02, 2.18823, 96.0922, 103.116, 123.373, 375, 419, 512, 
3, 25.02, 2.33154, 150.966, 70.1866, 87.9593, 651, 282, 364, 
4, 25.02, 1.92932, 90.1711, 66.3525, 110.39, 425, 333, 550, 
5, 25.02, 2.1164, 93.8268, 93.7356, 72.408, 398, 409, 291, 
6, 25.02, 2.16319, 65.1588, 96.2518, 103.287, 293, 416, 429, 
7, 25.02, 2.1811, 82.4398, 111.393, 83.0131, 333, 498, 357, 
8, 25.02, 2.23793, 100.423, 133.998, 100.029, 433, 586, 426, 
9, 25.02, 2.04948, 91.0131, 97.4621, 97.4621, 379, 459, 411, 
10, 25.02, 2.15802, 115.101, 139.881, 81.6721, 470, 544, 347, 
11, 25.02, 2.13237, 94.2878, 101.179, 121.057, 372, 423, 520, 
12, 25.02, 2.17518, 96.5532, 96.4594, 74.512, 406, 430, 299, 
13, 25.02, 1.95007, 126.244, 58.6934, 73.5557, 526, 241, 307, 
14, 25.02, 2.08608, 79.3202, 107.177, 79.8719, 338, 479, 341, 
15, 25.02, 2.01191, 90.7066, 121.032, 90.3506, 399, 503, 373, 
16, 25.02, 2.239, 99.3669, 106.408, 106.408, 427, 509, 467, 
17, 25.02, 2.11201, 63.7212, 94.1282, 101.008, 279, 424, 411, 
18, 25.02, 2.33027, 109.916, 104.192, 139.484, 496, 466, 616, 
19, 25.02, 2.34166, 109.489, 80.5675, 134.04, 512, 411, 669, 
0, 30.02, 2.37401, 91.7144, 86.9383, 116.386, 462, 428, 568, 
1, 30.02, 2.57563, 112.524, 136.749, 79.8429, 535, 609, 384, 
2, 30.02, 2.66783, 96.0922, 103.116, 123.373, 451, 493, 599, 
3, 30.02, 2.84444, 150.966, 70.1866, 87.9593, 779, 346, 424, 
4, 30.02, 2.35639, 90.1711, 66.3525, 110.39, 494, 365, 617, 
5, 30.02, 2.5799, 93.8268, 93.7356, 72.408, 463, 480, 344, 
6, 30.02, 2.63143, 65.1588, 96.2518, 103.287, 326, 482, 500, 
7, 30.02, 2.6735, 82.4398, 111.393, 83.0131, 396, 578, 405, 
8, 30.02, 2.72271, 100.423, 133.998, 100.029, 515, 687, 508, 
9, 30.02, 2.49641, 91.0131, 97.4621, 97.4621, 429, 526, 470, 
10, 30.02, 2.63073, 115.101, 139.881, 81.6721, 559, 646, 399, 
11, 30.02, 2.59857, 94.2878, 101.179, 121.057, 443, 502, 622, 
12, 30.02, 2.65053, 96.5532, 96.4594, 74.512, 462, 512, 357, 
13, 30.02, 2.37811, 126.244, 58.6934, 73.5557, 617, 292, 345, 
14, 30.02, 2.54567, 79.3202, 107.177, 79.8719, 392, 556, 382, 
15, 30.02, 2.45321, 90.7066, 121.032, 90.3506, 455, 585, 445, 
16, 30.02, 2.73553, 99.3669, 106.408, 106.408, 508, 589, 544, 
17, 30.02, 2.56725, 63.7212, 94.1282, 101.008, 319, 491, 502, 
18, 30.02, 2.8449, 109.916, 104.192, 139.484, 589, 553, 738, 
19, 30.02, 2.85338, 109.489, 80.5675, 134.04, 614, 472, 776, 
0, 35.02, 2.89082, 91.7144, 86.9383, 116.386, 532, 490, 658, 
1, 35.02, 3.15238, 112.524, 136.749, 79.8429, 626, 742, 458, 
2, 35.02, 3.24641, 96.0922, 103.116, 123.373, 551, 605, 711, 
3, 35.02, 3.47165, 150.966, 70.1866, 87.9593, 922, 419, 481, 
4, 35.02, 2.88101, 90.1711, 66.3525, 110.39, 567, 422, 675, 
5, 35.02, 3.14165, 93.8268, 93.7356, 72.408, 548, 554, 397, 
6, 35.02, 3.21463, 65.1588, 96.2518, 103.287, 393, 572, 579, 
7, 35.02, 3.25826, 82.4398, 111.393, 83.0131, 472, 682, 496, 
8, 35.02, 3.31657, 100.423, 133.998, 100.029, 591, 838, 593, 
9, 35.02, 3.04578, 91.0131, 97.4621, 97.4621, 496, 606, 546, 
10, 35.02, 3.20217, 115.101, 139.881, 81.6721, 670, 753, 475, 
11, 35.02, 3.17922, 94.2878, 101.179, 121.057, 526, 576, 727, 
12, 35.02, 3.22785, 96.5532, 96.4594, 74.512, 565, 580, 406, 
13, 35.02, 2.91258, 126.244, 58.6934, 73.5557, 727, 330, 405, 
14, 35.02, 3.1068, 79.3202, 107.177, 79.8719, 449, 646, 463, 
15, 35.02, 3.01402, 90.7066, 121.032, 90.3506, 535, 665, 518, 
16, 35.02, 1.51454, 44.7431, 47.9135, 47.9135, 254, 288, 268, 
17, 35.02, 1.69887, 34.4486, 50.8871, 54.6065, 203, 315, 311, 
18, 35.02, 3.46655, 109.916, 104.192, 139.484, 694, 637, 886, 
19, 35.02, 1.73455, 54.3003, 39.9569, 66.4761, 353, 263, 441, 
20, 35.02, 1.85258, 54.6238, 58.4944, 58.4944, 314, 353, 343, 
21, 35.02, 1.76203, 55.1886, 40.6106, 67.5636, 356, 269, 449, 
22, 35.02, 1.44343, 29.2726, 43.2411, 46.4016, 173, 267, 266, 
0, 40.02, 3.53512, 91.7144, 86.9383, 116.386, 618, 577, 771, 
1, 40.02, 3.84548, 112.524, 136.749, 79.8429, 756, 877, 567, 
2, 40.02, 2.05596, 49.936, 53.5859, 64.1132, 337, 353, 401, 
3, 40.02, 4.23989, 150.966, 70.1866, 87.9593, 1061, 517, 571, 
4, 40.02, 3.51881, 90.1711, 66.3525, 110.39, 646, 490, 780, 
5, 40.02, 1.99707, 48.6035, 48.5563, 37.5083, 318, 332, 234, 
6, 40.02, 2.1176, 35.3001, 52.1449, 55.9562, 241, 341, 346, 
7, 40.02, 2.06395, 42.8711, 57.9274, 43.1692, 284, 408, 293, 
8, 40.02, 1.81783, 45.2744, 60.4109, 45.0967, 286, 410, 295, 
9, 40.02, 1.75941, 43.0768, 46.1291, 46.1291, 250, 318, 283, 
10, 40.02, 2.14305, 63.0533, 76.6279, 44.7405, 421, 481, 307, 
11, 40.02, 3.88594, 94.2878, 101.179, 121.057, 628, 680, 856, 
12, 40.02, 1.88467, 46.2164, 46.1715, 35.6661, 297, 305, 219, 
13, 40.02, 1.82821, 65.0775, 30.2557, 37.9171, 405, 186, 226, 
14, 40.02, 1.87932, 39.5142, 53.3915, 39.789, 254, 335, 258, 
15, 40.02, 1.67234, 41.4289, 55.2798, 41.2664, 286, 346, 279, 
16, 40.02, 1.85777, 44.7431, 47.9135, 47.9135, 268, 308, 292, 
17, 40.02, 2.07224, 34.4486, 50.8871, 54.6065, 227, 333, 325, 
18, 40.02, 2.05901, 53.3603, 50.5815, 67.7146, 345, 332, 460, 
19, 40.02, 2.11809, 54.3003, 39.9569, 66.4761, 381, 263, 463, 
20, 40.02, 2.25983, 54.6238, 58.4944, 58.4944, 356, 390, 379, 
21, 40.02, 2.14719, 55.1886, 40.6106, 67.5636, 382, 296, 481, 
22, 40.02, 1.76504, 29.2726, 43.2411, 46.4016, 182, 288, 282, 
23, 40.02, 2.16851, 56.5553, 53.6102, 71.7692, 376, 360, 485, 
24, 40.02, 1.80286, 29.8587, 44.1069, 47.3307, 194, 281, 300, 
25, 40.02, 2.22612, 55.149, 73.5869, 54.9326, 364, 502, 370, 
26, 40.02, 1.96894, 47.9363, 51.333, 51.333, 290, 363, 313, 
27, 40.02, 1.72455, 61.167, 28.4376, 35.6386, 392, 178, 216, 
28, 40.02, 1.89556, 46.1562, 49.5298, 59.2602, 299, 318, 378, 
29, 40.02, 2.0599, 50.3368, 50.2879, 38.8459, 336, 343, 243, 
30, 40.02, 1.89505, 39.8061, 53.7859, 40.0829, 250, 353, 270, 
31, 40.02, 1.8973, 39.5687, 53.4652, 39.8439, 268, 372, 274, 
32, 40.02, 1.77166, 52.0482, 63.2536, 36.9317, 348, 409, 251, 
33, 40.02, 1.85516, 45.2233, 45.1793, 34.8997, 295, 302, 220, 
34, 40.02, 1.98581, 49.2776, 65.7525, 49.0843, 337, 414, 327, 
0, 45.02, 2.29257, 48.6611, 46.127, 61.7513, 355, 338, 438, 
1, 45.02, 2.16822, 51.8039, 62.9567, 36.7583, 412, 468, 299, 
2, 45.02, 2.50658, 49.936, 53.5859, 64.1132, 351, 395, 434, 
3, 45.02, 2.53302, 73.6668, 34.249, 42.9216, 569, 280, 309, 
4, 45.02, 2.2459, 47.0462, 34.619, 57.5954, 350, 269, 437, 
5, 45.02, 2.44096, 48.6035, 48.5563, 37.5083, 353, 350, 252, 
6, 45.02, 2.58711, 35.3001, 52.1449, 55.9562, 259, 369, 379, 
7, 45.02, 2.52405, 42.8711, 57.9274, 43.1692, 315, 454, 317, 
8, 45.02, 2.2212, 45.2744, 60.4109, 45.0967, 308, 429, 324, 
9, 45.02, 2.13514, 43.0768, 46.1291, 46.1291, 264, 328, 298, 
10, 45.02, 2.61021, 63.0533, 76.6279, 44.7405, 459, 535, 343, 
11, 45.02, 4.76711, 94.2878, 101.179, 121.057, 748, 821, 1020, 
12, 45.02, 2.29065, 46.2164, 46.1715, 35.6661, 321, 325, 238, 
13, 45.02, 2.24262, 65.0775, 30.2557, 37.9171, 423, 193, 245, 
14, 45.02, 2.30207, 39.5142, 53.3915, 39.789, 270, 370, 282, 
15, 45.02, 2.05081, 41.4289, 55.2798, 41.2664, 300, 377, 293, 
16, 45.02, 2.25878, 44.7431, 47.9135, 47.9135, 290, 339, 314, 
17, 45.02, 2.5421, 34.4486, 50.8871, 54.6065, 236, 358, 347, 
18, 45.02, 2.52365, 53.3603, 50.5815, 67.7146, 382, 350, 496, 
19, 45.02, 2.58178, 54.3003, 39.9569, 66.4761, 410, 304, 494, 
20, 45.02, 2.76207, 54.6238, 58.4944, 58.4944, 391, 425, 423, 
21, 45.02, 2.63446, 55.1886, 40.6106, 67.5636, 419, 316, 533, 
22, 45.02, 2.15738, 29.2726, 43.2411, 46.4016, 196, 304, 305, 
23, 45.02, 2.64299, 56.5553, 53.6102, 71.7692, 404, 402, 516, 
24, 45.02, 2.20329, 29.8587, 44.1069, 47.3307, 215, 294, 324, 
25, 45.02, 2.72256, 55.149, 73.5869, 54.9326, 405, 544, 403, 
26, 45.02, 2.39616, 47.9363, 51.333, 51.333, 314, 397, 347, 
27, 45.02, 2.09629, 61.167, 28.4376, 35.6386, 414, 186, 241, 
28, 45.02, 2.30837, 46.1562, 49.5298, 59.2602, 320, 348, 412, 
29, 45.02, 2.51949, 50.3368, 50.2879, 38.8459, 366, 379, 271, 
30, 45.02, 2.30834, 39.8061, 53.7859, 40.0829, 276, 382, 290, 
31, 45.02, 2.32702, 39.5687, 53.4652, 39.8439, 277, 388, 301, 
32, 45.02, 2.16112, 52.0482, 63.2536, 36.9317, 368, 430, 262, 
33, 45.02, 2.26947, 45.2233, 45.1793, 34.8997, 312, 341, 228, 
34, 45.02, 2.43103, 49.2776, 65.7525, 49.0843, 376, 449, 367, 
35, 45.02, 2.05519, 43.1249, 31.7335, 52.7949, 323, 255, 394, 
36, 45.02, 2.02273, 43.0533, 40.8113, 54.6349, 320, 295, 390, 
37, 45.02, 2.65201, 77.2987, 35.9376, 45.0377, 603, 300, 319, 
38, 45.02, 2.54273, 60.7196, 73.7918, 43.0846, 484, 557, 352, 
0, 50.02, 2.80709, 48.6611, 46.127, 61.7513, 389, 376, 484, 
1, 50.02, 2.64928, 51.8039, 62.9567, 36.7583, 429, 508, 316, 
2, 50.02, 3.06277, 49.936, 53.5859, 64.1132, 390, 440, 475, 
3, 50.02, 3.0836, 73.6668, 34.249, 42.9216, 609, 296, 356, 
4, 50.02, 2.74925, 47.0462, 34.619, 57.5954, 381, 291, 475, 
5, 50.02, 2.96705, 48.6035, 48.5563, 37.5083, 372, 389, 290, 
6, 50.02, 3.15918, 35.3001, 52.1449, 55.9562, 287, 405, 418, 
7, 50.02, 3.07563, 42.8711, 57.9274, 43.1692, 351, 511, 358, 
8, 50.02, 2.71551, 45.2744, 60.4109, 45.0967, 334, 467, 349, 
9, 50.02, 2.58949, 43.0768, 46.1291, 46.1291, 279, 346, 317, 
10, 50.02, 3.18542, 63.0533, 76.6279, 44.7405, 512, 585, 373, 
11, 50.02, 3.16205, 51.2681, 55.0154, 65.8235, 447, 502, 596, 
12, 50.02, 2.80092, 46.2164, 46.1715, 35.6661, 354, 348, 255, 
13, 50.02, 2.71995, 65.0775, 30.2557, 37.9171, 453, 208, 270, 
14, 50.02, 2.81988, 39.5142, 53.3915, 39.789, 302, 411, 298, 
15, 50.02, 2.50194, 41.4289, 55.2798, 41.2664, 319, 395, 320, 
16, 50.02, 2.75883, 44.7431, 47.9135, 47.9135, 317, 384, 344, 
17, 50.02, 3.08928, 34.4486, 50.8871, 54.6065, 262, 398, 382, 
18, 50.02, 3.09061, 53.3603, 50.5815, 67.7146, 413, 394, 531, 
19, 50.02, 3.13731, 54.3003, 39.9569, 66.4761, 445, 338, 536, 
20, 50.02, 1.7818, 28.8256, 30.8681, 30.8681, 232, 246, 242, 
21, 50.02, 3.20121, 55.1886, 40.6106, 67.5636, 460, 352, 575, 
22, 50.02, 2.63122, 29.2726, 43.2411, 46.4016, 218, 324, 313, 
23, 50.02, 3.23621, 56.5553, 53.6102, 71.7692, 448, 424, 570, 
24, 50.02, 2.69301, 29.8587, 44.1069, 47.3307, 231, 315, 351, 
25, 50.02, 3.31606, 55.149, 73.5869, 54.9326, 447, 585, 446, 
26, 50.02, 2.92428, 47.9363, 51.333, 51.333, 354, 436, 376, 
27, 50.02, 2.55906, 61.167, 28.4376, 35.6386, 441, 205, 260, 
28, 50.02, 2.8089, 46.1562, 49.5298, 59.2602, 350, 375, 449, 
29, 50.02, 3.07674, 50.3368, 50.2879, 38.8459, 409, 418, 291, 
30, 50.02, 2.8238, 39.8061, 53.7859, 40.0829, 305, 404, 315, 
31, 50.02, 2.84553, 39.5687, 53.4652, 39.8439, 303, 425, 330, 
32, 50.02, 2.64059, 52.0482, 63.2536, 36.9317, 383, 467, 281, 
33, 50.02, 2.77898, 45.2233, 45.1793, 34.8997, 340, 365, 252, 
34, 50.02, 2.9775, 49.2776, 65.7525, 49.0843, 409, 499, 411, 
35, 50.02, 2.51636, 43.1249, 31.7335, 52.7949, 343, 275, 441, 
36, 50.02, 2.47056, 43.0533, 40.8113, 54.6349, 343, 316, 406, 
37, 50.02, 3.24159, 77.2987, 35.9376, 45.0377, 652, 327, 356, 
38, 50.02, 3.11167, 60.7196, 73.7918, 43.0846, 514, 615, 371, 
39, 50.02, 2.65059, 43.0196, 46.164, 55.2331, 368, 404, 501, 
40, 50.02, 1.59409, 25.7982, 27.6262, 27.6262, 212, 225, 215, 
0, 55.02, 3.42766, 48.6611, 46.127, 61.7513, 419, 412, 525, 
1, 55.02, 3.22973, 51.8039, 62.9567, 36.7583, 477, 562, 361, 
2, 55.02, 3.74476, 49.936, 53.5859, 64.1132, 438, 502, 524, 
3, 55.02, 3.77132, 73.6668, 34.249, 42.9216, 706, 319, 423, 
4, 55.02, 3.3561, 47.0462, 34.619, 57.5954, 429, 320, 506, 
5, 55.02, 3.61462, 48.6035, 48.5563, 37.5083, 399, 429, 307, 
6, 55.02, 3.86842, 35.3001, 52.1449, 55.9562, 311, 467, 477, 
7, 55.02, 1.95123, 22.235, 30.0438, 22.3896, 196, 280, 196, 
8, 55.02, 3.31266, 45.2744, 60.4109, 45.0967, 373, 512, 379, 
9, 55.02, 3.16016, 43.0768, 46.1291, 46.1291, 316, 376, 354, 
10, 55.02, 1.91471, 31.0789, 37.7699, 22.0526, 260, 307, 186, 
11, 55.02, 3.86459, 51.2681, 55.0154, 65.8235, 485, 563, 648, 
12, 55.02, 3.42792, 46.2164, 46.1715, 35.6661, 394, 365, 292, 
13, 55.02, 3.32444, 65.0775, 30.2557, 37.9171, 516, 227, 296, 
14, 55.02, 3.43059, 39.5142, 53.3915, 39.789, 331, 452, 335, 
15, 55.02, 3.05321, 41.4289, 55.2798, 41.2664, 349, 427, 344, 
16, 55.02, 1.64367, 21.7534, 23.2948, 23.2948, 170, 208, 185, 
17, 55.02, 1.97525, 18.1084, 26.7495, 28.7046, 152, 221, 212, 
18, 55.02, 3.78485, 53.3603, 50.5815, 67.7146, 465, 450, 583, 
19, 55.02, 2.09523, 29.7577, 21.8972, 36.4303, 261, 191, 307, 
20, 55.02, 2.18152, 28.8256, 30.8681, 30.8681, 244, 253, 262, 
21, 55.02, 3.90493, 55.1886, 40.6106, 67.5636, 529, 373, 637, 
22, 55.02, 3.22823, 29.2726, 43.2411, 46.4016, 234, 351, 355, 
23, 55.02, 3.96878, 56.5553, 53.6102, 71.7692, 498, 499, 652, 
24, 55.02, 3.29386, 29.8587, 44.1069, 47.3307, 250, 345, 384, 
25, 55.02, 1.86996, 25.5026, 34.0289, 25.4026, 226, 289, 231, 
26, 55.02, 3.57579, 47.9363, 51.333, 51.333, 402, 475, 408, 
27, 55.02, 3.11496, 61.167, 28.4376, 35.6386, 485, 234, 289, 
28, 55.02, 3.41957, 46.1562, 49.5298, 59.2602, 394, 412, 465, 
29, 55.02, 1.87545, 25.0483, 25.0239, 19.3302, 225, 219, 154, 
30, 55.02, 3.44136, 39.8061, 53.7859, 40.0829, 327, 458, 340, 
31, 55.02, 3.4736, 39.5687, 53.4652, 39.8439, 347, 468, 369, 
32, 55.02, 3.22079, 52.0482, 63.2536, 36.9317, 428, 512, 306, 
33, 55.02, 3.38643, 45.2233, 45.1793, 34.8997, 367, 400, 290, 
34, 55.02, 3.62922, 49.2776, 65.7525, 49.0843, 446, 570, 461, 
35, 55.02, 3.07799, 43.1249, 31.7335, 52.7949, 384, 293, 475, 
36, 55.02, 3.01207, 43.0533, 40.8113, 54.6349, 366, 335, 446, 
37, 55.02, 2.02362, 39.4515, 18.3417, 22.9862, 351, 185, 201, 
38, 55.02, 1.78879, 28.6, 34.7573, 20.2936, 261, 323, 184, 
39, 55.02, 3.23851, 43.0196, 46.164, 55.2331, 392, 434, 528, 
40, 55.02, 1.94193, 25.7982, 27.6262, 27.6262, 222, 237, 214, 
41, 55.02, 1.79307, 16.3403, 24.1376, 25.9019, 129, 201, 185, 
42, 55.02, 1.96491, 31.9743, 38.858, 22.6879, 271, 308, 204, 
43, 55.02, 1.72924, 24.5426, 18.0597, 30.0458, 206, 163, 244, 
44, 55.02, 1.80128, 20.6361, 27.8835, 20.7797, 187, 262, 187, 
45, 55.02, 2.17754, 29.6464, 39.558, 29.53, 264, 339, 267, 
46, 55.02, 1.89429, 25.2886, 25.264, 19.5157, 222, 222, 160, 
47, 55.02, 2.01097, 32.1196, 39.0346, 22.791, 289, 361, 208, 
48, 55.02, 1.94024, 37.8473, 17.5959, 22.0515, 342, 179, 193, 
49, 55.02, 1.73666, 22.9897, 24.6187, 24.6187, 181, 220, 197, 
0, 60.02, 2.05896, 24.0161, 22.7654, 30.4766, 223, 220, 268, 
1, 60.02, 2.10696, 27.7299, 33.6998, 19.6762, 276, 323, 210, 
2, 60.02, 2.36378, 25.7322, 27.613, 33.0378, 235, 276, 286, 
3, 60.02, 2.35985, 37.7434, 17.5476, 21.991, 377, 177, 224, 
4, 60.02, 2.03426, 23.4458, 17.2526, 28.703, 227, 170, 268, 
5, 60.02, 2.1312, 23.5696, 23.5467, 18.1892, 207, 233, 165, 
6, 60.02, 2.5034, 18.7544, 27.7037, 29.7286, 178, 274, 281, 
7, 60.02, 2.39868, 22.235, 30.0438, 22.3896, 196, 293, 201, 
8, 60.02, 2.18781, 24.4897, 32.6772, 24.3936, 208, 301, 219, 
9, 60.02, 3.87088, 43.0768, 46.1291, 46.1291, 352, 410, 388, 
10, 60.02, 2.33182, 31.0789, 37.7699, 22.0526, 274, 327, 198, 
11, 60.02, 2.17505, 23.6335, 25.3609, 30.3432, 235, 273, 306, 
12, 60.02, 1.93604, 21.4429, 21.422, 16.5479, 203, 191, 147, 
13, 60.02, 1.97853, 31.7401, 14.7566, 18.4932, 266, 120, 145, 
14, 60.02, 4.19453, 39.5142, 53.3915, 39.789, 372, 516, 376, 
15, 60.02, 1.78515, 19.8382, 26.4707, 19.7604, 177, 227, 174, 
16, 60.02, 2.00906, 21.7534, 23.2948, 23.2948, 178, 224, 190, 
17, 60.02, 2.40495, 18.1084, 26.7495, 28.7046, 160, 221, 228, 
18, 60.02, 2.21785, 25.5879, 24.2554, 32.4713, 244, 232, 294, 
19, 60.02, 2.55125, 29.7577, 21.8972, 36.4303, 257, 206, 317, 
20, 60.02, 2.66403, 28.8256, 30.8681, 30.8681, 267, 268, 287, 
21, 60.02, 2.58865, 29.8446, 21.9612, 36.5367, 314, 226, 387, 
22, 60.02, 1.85921, 13.7815, 20.3579, 21.8459, 120, 171, 178, 
23, 60.02, 2.55274, 29.8275, 28.2742, 37.8513, 264, 271, 372, 
24, 60.02, 1.88803, 14.0045, 20.6873, 22.1994, 129, 186, 198, 
25, 60.02, 2.27685, 25.5026, 34.0289, 25.4026, 232, 310, 235, 
26, 60.02, 2.20437, 24.1063, 25.8144, 25.8144, 219, 250, 224, 
27, 60.02, 1.9924, 32.0085, 14.8813, 18.6496, 292, 139, 162, 
28, 60.02, 1.9932, 22.0966, 23.7116, 28.3699, 193, 216, 246, 
29, 60.02, 2.30398, 25.0483, 25.0239, 19.3302, 236, 231, 163, 
30, 60.02, 2.23586, 21.1636, 28.5963, 21.3108, 190, 259, 187, 
31, 60.02, 2.31538, 21.6747, 29.2869, 21.8255, 212, 288, 219, 
32, 60.02, 2.01403, 26.7001, 32.4483, 18.9455, 241, 288, 173, 
33, 60.02, 4.10748, 45.2233, 45.1793, 34.8997, 414, 466, 319, 
34, 60.02, 2.42633, 26.8915, 35.8821, 26.786, 257, 335, 264, 
35, 60.02, 3.75815, 43.1249, 31.7335, 52.7949, 410, 317, 526, 
36, 60.02, 3.66156, 43.0533, 40.8113, 54.6349, 400, 378, 499, 
37, 60.02, 2.47033, 39.4515, 18.3417, 22.9862, 371, 197, 209, 
38, 60.02, 2.17326, 28.6, 34.7573, 20.2936, 271, 334, 203, 
39, 60.02, 2.09955, 22.8177, 24.4854, 29.2957, 213, 234, 293, 
40, 60.02, 2.35882, 25.7982, 27.6262, 27.6262, 229, 248, 221, 
41, 60.02, 2.19145, 16.3403, 24.1376, 25.9019, 139, 214, 192, 
42, 60.02, 2.4118, 31.9743, 38.858, 22.6879, 280, 316, 219, 
43, 60.02, 2.11011, 24.5426, 18.0597, 30.0458, 226, 173, 253, 
44, 60.02, 2.19426, 20.6361, 27.8835, 20.7797, 191, 263, 196, 
45, 60.02, 2.65194, 29.6464, 39.558, 29.53, 276, 357, 294, 
46, 60.02, 2.30252, 25.2886, 25.264, 19.5157, 224, 243, 164, 
47, 60.02, 2.45604, 32.1196, 39.0346, 22.791, 295, 382, 220, 
48, 60.02, 2.37029, 37.8473, 17.5959, 22.0515, 355, 182, 208, 
49, 60.02, 2.11822, 22.9897, 24.6187, 24.6187, 199, 222, 206, 
50, 60.02, 1.85653, 20.7847, 27.7336, 20.7032, 177, 252, 175, 
51, 60.02, 2.28543, 26.7278, 25.336, 33.9178, 245, 251, 315, 
52, 60.02, 2.01182, 22.3861, 29.8704, 22.2983, 208, 267, 215, 
53, 60.02, 2.08925, 15.491, 22.8832, 24.5557, 129, 194, 202, 
54, 60.02, 2.20781, 24.2038, 25.9729, 31.0754, 224, 258, 279, 
55, 60.02, 2.5507, 27.6347, 29.6545, 35.4803, 289, 315, 362, 
56, 60.02, 2.40563, 27.7724, 26.3261, 35.2433, 264, 252, 321, 
57, 60.02, 2.12205, 24.645, 23.3616, 31.2747, 227, 224, 286, 
58, 60.02, 1.97001, 18.6424, 25.1897, 18.7721, 166, 228, 177, 
59, 60.02, 2.07567, 33.3374, 15.4992, 19.4239, 284, 128, 166, 
60, 60.02, 2.23889, 35.9234, 16.7015, 20.9306, 364, 173, 221, 
61, 60.02, 2.21655, 16.5458, 24.4412, 26.2276, 152, 232, 248, 
62, 60.02, 2.17237, 23.83, 25.5186, 25.5186, 213, 252, 218, 
63, 60.02, 1.86397, 20.202, 21.6785, 25.9374, 191, 201, 262, 
64, 60.02, 2.17992, 24.0596, 25.8182, 30.8903, 218, 235, 269, 
65, 60.02, 2.26143, 25.0339, 25.0096, 19.3191, 221, 247, 176, 
66, 60.02, 1.94522, 21.5907, 28.809, 21.506, 194, 246, 180, 
67, 60.02, 1.91199, 25.3481, 30.8053, 17.9862, 231, 273, 162, 
68, 60.02, 2.05581, 23.6004, 17.3664, 28.8924, 238, 171, 266, 
69, 60.02, 2.1982, 25.344, 18.6494, 31.0269, 270, 191, 325, 
70, 60.02, 2.24342, 24.7735, 24.7494, 19.1182, 235, 223, 179, 
71, 60.02, 2.13419, 15.8542, 23.4196, 25.1313, 151, 211, 229, 
72, 60.02, 1.91226, 17.894, 24.1783, 18.0184, 176, 237, 184, 
73, 60.02, 1.81842, 29.1584, 13.5563, 16.989, 267, 128, 149, 
74, 60.02, 1.83026, 24.074, 29.2569, 17.0821, 241, 281, 182, 
